CREATE DATABASE  IF NOT EXISTS `campus_smartphone_addiction` /*!40100 DEFAULT CHARACTER SET utf8mb4 COLLATE utf8mb4_0900_ai_ci */ /*!80016 DEFAULT ENCRYPTION='N' */;
USE `campus_smartphone_addiction`;
-- MySQL dump 10.13  Distrib 8.0.43, for Win64 (x86_64)
--
-- Host: 127.0.0.1    Database: campus_smartphone_addiction
-- ------------------------------------------------------
-- Server version	8.4.6

/*!40101 SET @OLD_CHARACTER_SET_CLIENT=@@CHARACTER_SET_CLIENT */;
/*!40101 SET @OLD_CHARACTER_SET_RESULTS=@@CHARACTER_SET_RESULTS */;
/*!40101 SET @OLD_COLLATION_CONNECTION=@@COLLATION_CONNECTION */;
/*!50503 SET NAMES utf8 */;
/*!40103 SET @OLD_TIME_ZONE=@@TIME_ZONE */;
/*!40103 SET TIME_ZONE='+00:00' */;
/*!40014 SET @OLD_UNIQUE_CHECKS=@@UNIQUE_CHECKS, UNIQUE_CHECKS=0 */;
/*!40014 SET @OLD_FOREIGN_KEY_CHECKS=@@FOREIGN_KEY_CHECKS, FOREIGN_KEY_CHECKS=0 */;
/*!40101 SET @OLD_SQL_MODE=@@SQL_MODE, SQL_MODE='NO_AUTO_VALUE_ON_ZERO' */;
/*!40111 SET @OLD_SQL_NOTES=@@SQL_NOTES, SQL_NOTES=0 */;

--
-- Table structure for table `questions`
--

DROP TABLE IF EXISTS `questions`;
/*!40101 SET @saved_cs_client     = @@character_set_client */;
/*!50503 SET character_set_client = utf8mb4 */;
CREATE TABLE `questions` (
  `id` int NOT NULL AUTO_INCREMENT,
  `text` varchar(500) COLLATE utf8mb4_unicode_ci NOT NULL,
  PRIMARY KEY (`id`),
  UNIQUE KEY `text` (`text`),
  KEY `idx_text` (`text`)
) ENGINE=InnoDB AUTO_INCREMENT=11 DEFAULT CHARSET=utf8mb4 COLLATE=utf8mb4_unicode_ci;
/*!40101 SET character_set_client = @saved_cs_client */;

--
-- Dumping data for table `questions`
--

LOCK TABLES `questions` WRITE;
/*!40000 ALTER TABLE `questions` DISABLE KEYS */;
INSERT INTO `questions` VALUES (8,'Constantly checking my smartphone so as not to miss conversations between other people on Twitter or Facebook'),(5,'Feeling impatient and fretful (ill-tempered) when I am not holding my smartphone'),(3,'Feeling pain in the wrists or at the back of the neck while using a smartphone'),(2,'Having a hard time concentrating in class, while doing assignments, or while working due to smartphone use'),(6,'Having my smartphone in my mind even when I am not using it'),(7,'I will never give up using my smartphone even when my daily life is already greatly affected by it'),(1,'Missing planned work due to smartphone use'),(10,'The people around me tell me that I use my smartphone too much'),(9,'Using my smartphone longer than I had intended'),(4,'Won\'t be able to stand not having a smartphone');
/*!40000 ALTER TABLE `questions` ENABLE KEYS */;
UNLOCK TABLES;

--
-- Table structure for table `user_chats`
--

DROP TABLE IF EXISTS `user_chats`;
/*!40101 SET @saved_cs_client     = @@character_set_client */;
/*!50503 SET character_set_client = utf8mb4 */;
CREATE TABLE `user_chats` (
  `id` int NOT NULL AUTO_INCREMENT,
  `user_message` text COLLATE utf8mb4_unicode_ci,
  `ai_response` text COLLATE utf8mb4_unicode_ci,
  `timestamp` int DEFAULT NULL,
  PRIMARY KEY (`id`)
) ENGINE=InnoDB DEFAULT CHARSET=utf8mb4 COLLATE=utf8mb4_unicode_ci;
/*!40101 SET character_set_client = @saved_cs_client */;

--
-- Dumping data for table `user_chats`
--

LOCK TABLES `user_chats` WRITE;
/*!40000 ALTER TABLE `user_chats` DISABLE KEYS */;
/*!40000 ALTER TABLE `user_chats` ENABLE KEYS */;
UNLOCK TABLES;

--
-- Table structure for table `user_responses`
--

DROP TABLE IF EXISTS `user_responses`;
/*!40101 SET @saved_cs_client     = @@character_set_client */;
/*!50503 SET character_set_client = utf8mb4 */;
CREATE TABLE `user_responses` (
  `id` int NOT NULL AUTO_INCREMENT,
  `question_id` int NOT NULL,
  `answer` int NOT NULL,
  `chat_history` text COLLATE utf8mb4_unicode_ci,
  `timestamp` datetime DEFAULT CURRENT_TIMESTAMP,
  `usercode` varchar(50) COLLATE utf8mb4_unicode_ci NOT NULL,
  PRIMARY KEY (`id`),
  KEY `idx_question_id` (`question_id`),
  KEY `idx_usercode` (`usercode`),
  CONSTRAINT `user_responses_ibfk_1` FOREIGN KEY (`usercode`) REFERENCES `users` (`usercode`) ON DELETE CASCADE
) ENGINE=InnoDB AUTO_INCREMENT=361 DEFAULT CHARSET=utf8mb4 COLLATE=utf8mb4_unicode_ci;
/*!40101 SET character_set_client = @saved_cs_client */;

--
-- Dumping data for table `user_responses`
--

LOCK TABLES `user_responses` WRITE;
/*!40000 ALTER TABLE `user_responses` DISABLE KEYS */;
INSERT INTO `user_responses` VALUES (1,1,3,'','2025-08-18 13:36:43','FBW7EBVP'),(2,2,5,'','2025-08-18 13:36:43','FBW7EBVP'),(3,3,5,'','2025-08-18 13:36:43','FBW7EBVP'),(4,4,5,'','2025-08-18 13:36:43','FBW7EBVP'),(5,5,5,'','2025-08-18 13:36:43','FBW7EBVP'),(6,6,6,'','2025-08-18 13:36:43','FBW7EBVP'),(7,7,4,'','2025-08-18 13:36:43','FBW7EBVP'),(8,8,3,'','2025-08-18 13:36:43','FBW7EBVP'),(9,9,3,'','2025-08-18 13:36:43','FBW7EBVP'),(10,10,5,'','2025-08-18 13:36:43','FBW7EBVP'),(11,1,4,'','2025-08-18 13:37:39','PZ0CQ0BK'),(12,2,2,'','2025-08-18 13:37:39','PZ0CQ0BK'),(13,3,5,'','2025-08-18 13:37:39','PZ0CQ0BK'),(14,4,3,'','2025-08-18 13:37:39','PZ0CQ0BK'),(15,5,5,'','2025-08-18 13:37:39','PZ0CQ0BK'),(16,6,3,'','2025-08-18 13:37:39','PZ0CQ0BK'),(17,7,4,'','2025-08-18 13:37:39','PZ0CQ0BK'),(18,8,5,'','2025-08-18 13:37:39','PZ0CQ0BK'),(19,9,3,'','2025-08-18 13:37:39','PZ0CQ0BK'),(20,10,5,'','2025-08-18 13:37:39','PZ0CQ0BK'),(21,1,2,'','2025-08-18 13:38:24','FBW7EBVP'),(22,2,3,'','2025-08-18 13:38:24','FBW7EBVP'),(23,3,4,'','2025-08-18 13:38:24','FBW7EBVP'),(24,4,4,'','2025-08-18 13:38:24','FBW7EBVP'),(25,5,5,'','2025-08-18 13:38:24','FBW7EBVP'),(26,6,4,'','2025-08-18 13:38:24','FBW7EBVP'),(27,7,2,'','2025-08-18 13:38:24','FBW7EBVP'),(28,8,3,'','2025-08-18 13:38:24','FBW7EBVP'),(29,9,4,'','2025-08-18 13:38:24','FBW7EBVP'),(30,10,1,'','2025-08-18 13:38:24','FBW7EBVP'),(31,1,2,'','2025-08-18 13:39:26','U0CAD4XS'),(32,2,3,'','2025-08-18 13:39:26','U0CAD4XS'),(33,3,2,'','2025-08-18 13:39:26','U0CAD4XS'),(34,4,2,'','2025-08-18 13:39:26','U0CAD4XS'),(35,5,5,'','2025-08-18 13:39:26','U0CAD4XS'),(36,6,2,'','2025-08-18 13:39:26','U0CAD4XS'),(37,7,4,'','2025-08-18 13:39:26','U0CAD4XS'),(38,8,2,'','2025-08-18 13:39:26','U0CAD4XS'),(39,9,2,'','2025-08-18 13:39:26','U0CAD4XS'),(40,10,3,'','2025-08-18 13:39:26','U0CAD4XS'),(41,1,1,'','2025-08-18 13:44:36','U0CAD4XS'),(42,2,1,'','2025-08-18 13:44:36','U0CAD4XS'),(43,3,3,'','2025-08-18 13:44:36','U0CAD4XS'),(44,4,1,'','2025-08-18 13:44:36','U0CAD4XS'),(45,5,3,'','2025-08-18 13:44:36','U0CAD4XS'),(46,6,1,'','2025-08-18 13:44:36','U0CAD4XS'),(47,7,1,'','2025-08-18 13:44:36','U0CAD4XS'),(48,8,6,'','2025-08-18 13:44:36','U0CAD4XS'),(49,9,1,'','2025-08-18 13:44:36','U0CAD4XS'),(50,10,1,'','2025-08-18 13:44:36','U0CAD4XS'),(51,1,5,'','2025-08-18 14:02:56','FBW7EBVP'),(52,2,4,'','2025-08-18 14:02:56','FBW7EBVP'),(53,3,1,'','2025-08-18 14:02:56','FBW7EBVP'),(54,4,4,'','2025-08-18 14:02:56','FBW7EBVP'),(55,5,4,'','2025-08-18 14:02:56','FBW7EBVP'),(56,6,5,'','2025-08-18 14:02:56','FBW7EBVP'),(57,7,5,'','2025-08-18 14:02:56','FBW7EBVP'),(58,8,4,'','2025-08-18 14:02:56','FBW7EBVP'),(59,9,2,'','2025-08-18 14:02:56','FBW7EBVP'),(60,10,5,'','2025-08-18 14:02:56','FBW7EBVP'),(61,1,6,'','2025-08-18 14:12:03','U0CAD4XS'),(62,2,6,'','2025-08-18 14:12:03','U0CAD4XS'),(63,3,6,'','2025-08-18 14:12:03','U0CAD4XS'),(64,4,3,'','2025-08-18 14:12:03','U0CAD4XS'),(65,5,5,'','2025-08-18 14:12:03','U0CAD4XS'),(66,6,3,'','2025-08-18 14:12:03','U0CAD4XS'),(67,7,5,'','2025-08-18 14:12:03','U0CAD4XS'),(68,8,1,'','2025-08-18 14:12:03','U0CAD4XS'),(69,9,6,'','2025-08-18 14:12:03','U0CAD4XS'),(70,10,3,'','2025-08-18 14:12:03','U0CAD4XS'),(71,1,2,'','2025-08-18 14:14:21','TQWJF7Y9'),(72,2,3,'','2025-08-18 14:14:21','TQWJF7Y9'),(73,3,3,'','2025-08-18 14:14:21','TQWJF7Y9'),(74,4,6,'','2025-08-18 14:14:21','TQWJF7Y9'),(75,5,2,'','2025-08-18 14:14:21','TQWJF7Y9'),(76,6,6,'','2025-08-18 14:14:21','TQWJF7Y9'),(77,7,6,'','2025-08-18 14:14:21','TQWJF7Y9'),(78,8,4,'','2025-08-18 14:14:21','TQWJF7Y9'),(79,9,5,'','2025-08-18 14:14:21','TQWJF7Y9'),(80,10,4,'','2025-08-18 14:14:21','TQWJF7Y9'),(81,1,5,'','2025-08-19 08:59:12','FBW7EBVP'),(82,2,3,'','2025-08-19 08:59:12','FBW7EBVP'),(83,3,5,'','2025-08-19 08:59:12','FBW7EBVP'),(84,4,3,'','2025-08-19 08:59:12','FBW7EBVP'),(85,5,3,'','2025-08-19 08:59:12','FBW7EBVP'),(86,6,3,'','2025-08-19 08:59:12','FBW7EBVP'),(87,7,3,'','2025-08-19 08:59:12','FBW7EBVP'),(88,8,5,'','2025-08-19 08:59:12','FBW7EBVP'),(89,9,3,'','2025-08-19 08:59:12','FBW7EBVP'),(90,10,3,'','2025-08-19 08:59:12','FBW7EBVP'),(91,1,5,'','2025-08-19 09:05:50','FBW7EBVP'),(92,2,3,'','2025-08-19 09:05:50','FBW7EBVP'),(93,3,5,'','2025-08-19 09:05:50','FBW7EBVP'),(94,4,2,'','2025-08-19 09:05:50','FBW7EBVP'),(95,5,3,'','2025-08-19 09:05:50','FBW7EBVP'),(96,6,3,'','2025-08-19 09:05:50','FBW7EBVP'),(97,7,3,'','2025-08-19 09:05:50','FBW7EBVP'),(98,8,5,'','2025-08-19 09:05:50','FBW7EBVP'),(99,9,3,'','2025-08-19 09:05:50','FBW7EBVP'),(100,10,3,'','2025-08-19 09:05:50','FBW7EBVP'),(101,1,2,'','2025-08-19 09:34:49','U0CAD4XS'),(102,2,1,'','2025-08-19 09:34:49','U0CAD4XS'),(103,3,3,'','2025-08-19 09:34:49','U0CAD4XS'),(104,4,2,'','2025-08-19 09:34:49','U0CAD4XS'),(105,5,2,'','2025-08-19 09:34:49','U0CAD4XS'),(106,6,1,'','2025-08-19 09:34:49','U0CAD4XS'),(107,7,4,'','2025-08-19 09:34:49','U0CAD4XS'),(108,8,4,'','2025-08-19 09:34:49','U0CAD4XS'),(109,9,3,'','2025-08-19 09:34:49','U0CAD4XS'),(110,10,3,'','2025-08-19 09:34:49','U0CAD4XS'),(111,1,3,'','2025-08-19 09:57:16','FBW7EBVP'),(112,2,3,'','2025-08-19 09:57:16','FBW7EBVP'),(113,3,3,'','2025-08-19 09:57:16','FBW7EBVP'),(114,4,3,'','2025-08-19 09:57:16','FBW7EBVP'),(115,5,1,'','2025-08-19 09:57:16','FBW7EBVP'),(116,6,3,'','2025-08-19 09:57:16','FBW7EBVP'),(117,7,3,'','2025-08-19 09:57:16','FBW7EBVP'),(118,8,5,'','2025-08-19 09:57:16','FBW7EBVP'),(119,9,3,'','2025-08-19 09:57:16','FBW7EBVP'),(120,10,2,'','2025-08-19 09:57:16','FBW7EBVP'),(121,1,5,'','2025-08-19 10:29:37','VGBJSTVV'),(122,2,4,'','2025-08-19 10:29:37','VGBJSTVV'),(123,3,2,'','2025-08-19 10:29:37','VGBJSTVV'),(124,4,5,'','2025-08-19 10:29:37','VGBJSTVV'),(125,5,4,'','2025-08-19 10:29:37','VGBJSTVV'),(126,6,5,'','2025-08-19 10:29:37','VGBJSTVV'),(127,7,5,'','2025-08-19 10:29:37','VGBJSTVV'),(128,8,2,'','2025-08-19 10:29:37','VGBJSTVV'),(129,9,4,'','2025-08-19 10:29:37','VGBJSTVV'),(130,10,4,'','2025-08-19 10:29:37','VGBJSTVV'),(131,1,1,'','2025-08-19 14:15:29','PZ0CQ0BK'),(132,2,1,'','2025-08-19 14:15:29','PZ0CQ0BK'),(133,3,1,'','2025-08-19 14:15:29','PZ0CQ0BK'),(134,4,1,'','2025-08-19 14:15:29','PZ0CQ0BK'),(135,5,1,'','2025-08-19 14:15:29','PZ0CQ0BK'),(136,6,1,'','2025-08-19 14:15:29','PZ0CQ0BK'),(137,7,1,'','2025-08-19 14:15:29','PZ0CQ0BK'),(138,8,1,'','2025-08-19 14:15:29','PZ0CQ0BK'),(139,9,1,'','2025-08-19 14:15:29','PZ0CQ0BK'),(140,10,1,'','2025-08-19 14:15:29','PZ0CQ0BK'),(141,1,3,'','2025-08-20 09:41:04','FBW7EBVP'),(142,2,3,'','2025-08-20 09:41:04','FBW7EBVP'),(143,3,3,'','2025-08-20 09:41:04','FBW7EBVP'),(144,4,3,'','2025-08-20 09:41:04','FBW7EBVP'),(145,5,6,'','2025-08-20 09:41:04','FBW7EBVP'),(146,6,3,'','2025-08-20 09:41:04','FBW7EBVP'),(147,7,3,'','2025-08-20 09:41:04','FBW7EBVP'),(148,8,5,'','2025-08-20 09:41:04','FBW7EBVP'),(149,9,3,'','2025-08-20 09:41:04','FBW7EBVP'),(150,10,6,'','2025-08-20 09:41:04','FBW7EBVP'),(151,1,5,'','2025-08-20 09:49:18','PZ0CQ0BK'),(152,2,3,'','2025-08-20 09:49:18','PZ0CQ0BK'),(153,3,1,'','2025-08-20 09:49:18','PZ0CQ0BK'),(154,4,5,'','2025-08-20 09:49:18','PZ0CQ0BK'),(155,5,5,'','2025-08-20 09:49:18','PZ0CQ0BK'),(156,6,5,'','2025-08-20 09:49:18','PZ0CQ0BK'),(157,7,5,'','2025-08-20 09:49:18','PZ0CQ0BK'),(158,8,4,'','2025-08-20 09:49:18','PZ0CQ0BK'),(159,9,5,'','2025-08-20 09:49:18','PZ0CQ0BK'),(160,10,5,'','2025-08-20 09:49:18','PZ0CQ0BK'),(161,1,5,'','2025-08-20 10:14:04','TQWJF7Y9'),(162,2,5,'','2025-08-20 10:14:04','TQWJF7Y9'),(163,3,5,'','2025-08-20 10:14:04','TQWJF7Y9'),(164,4,3,'','2025-08-20 10:14:04','TQWJF7Y9'),(165,5,2,'','2025-08-20 10:14:04','TQWJF7Y9'),(166,6,5,'','2025-08-20 10:14:04','TQWJF7Y9'),(167,7,1,'','2025-08-20 10:14:04','TQWJF7Y9'),(168,8,5,'','2025-08-20 10:14:04','TQWJF7Y9'),(169,9,6,'','2025-08-20 10:14:04','TQWJF7Y9'),(170,10,5,'','2025-08-20 10:14:04','TQWJF7Y9'),(171,1,6,'','2025-08-20 11:00:28','PZ0CQ0BK'),(172,2,2,'','2025-08-20 11:00:28','PZ0CQ0BK'),(173,3,5,'','2025-08-20 11:00:28','PZ0CQ0BK'),(174,4,5,'','2025-08-20 11:00:28','PZ0CQ0BK'),(175,5,4,'','2025-08-20 11:00:28','PZ0CQ0BK'),(176,6,5,'','2025-08-20 11:00:28','PZ0CQ0BK'),(177,7,5,'','2025-08-20 11:00:28','PZ0CQ0BK'),(178,8,4,'','2025-08-20 11:00:28','PZ0CQ0BK'),(179,9,3,'','2025-08-20 11:00:28','PZ0CQ0BK'),(180,10,5,'','2025-08-20 11:00:28','PZ0CQ0BK'),(181,1,5,'','2025-08-20 11:13:39','U0CAD4XS'),(182,2,5,'','2025-08-20 11:13:39','U0CAD4XS'),(183,3,6,'','2025-08-20 11:13:39','U0CAD4XS'),(184,4,5,'','2025-08-20 11:13:39','U0CAD4XS'),(185,5,2,'','2025-08-20 11:13:39','U0CAD4XS'),(186,6,5,'','2025-08-20 11:13:39','U0CAD4XS'),(187,7,1,'','2025-08-20 11:13:39','U0CAD4XS'),(188,8,4,'','2025-08-20 11:13:39','U0CAD4XS'),(189,9,5,'','2025-08-20 11:13:39','U0CAD4XS'),(190,10,5,'','2025-08-20 11:13:39','U0CAD4XS'),(191,1,3,'','2025-08-20 11:18:51','FBW7EBVP'),(192,2,5,'','2025-08-20 11:18:51','FBW7EBVP'),(193,3,5,'','2025-08-20 11:18:51','FBW7EBVP'),(194,4,3,'','2025-08-20 11:18:51','FBW7EBVP'),(195,5,4,'','2025-08-20 11:18:51','FBW7EBVP'),(196,6,5,'','2025-08-20 11:18:51','FBW7EBVP'),(197,7,5,'','2025-08-20 11:18:51','FBW7EBVP'),(198,8,5,'','2025-08-20 11:18:51','FBW7EBVP'),(199,9,3,'','2025-08-20 11:18:51','FBW7EBVP'),(200,10,3,'','2025-08-20 11:18:51','FBW7EBVP'),(201,1,6,'','2025-08-20 11:26:58','TQWJF7Y9'),(202,2,6,'','2025-08-20 11:26:58','TQWJF7Y9'),(203,3,6,'','2025-08-20 11:26:58','TQWJF7Y9'),(204,4,5,'','2025-08-20 11:26:58','TQWJF7Y9'),(205,5,6,'','2025-08-20 11:26:58','TQWJF7Y9'),(206,6,5,'','2025-08-20 11:26:58','TQWJF7Y9'),(207,7,4,'','2025-08-20 11:26:58','TQWJF7Y9'),(208,8,6,'','2025-08-20 11:26:58','TQWJF7Y9'),(209,9,5,'','2025-08-20 11:26:58','TQWJF7Y9'),(210,10,5,'','2025-08-20 11:26:58','TQWJF7Y9'),(211,1,2,'','2025-08-20 12:30:38','PZ0CQ0BK'),(212,2,4,'','2025-08-20 12:30:38','PZ0CQ0BK'),(213,3,1,'','2025-08-20 12:30:38','PZ0CQ0BK'),(214,4,5,'','2025-08-20 12:30:38','PZ0CQ0BK'),(215,5,1,'','2025-08-20 12:30:38','PZ0CQ0BK'),(216,6,1,'','2025-08-20 12:30:38','PZ0CQ0BK'),(217,7,4,'','2025-08-20 12:30:38','PZ0CQ0BK'),(218,8,3,'','2025-08-20 12:30:38','PZ0CQ0BK'),(219,9,5,'','2025-08-20 12:30:38','PZ0CQ0BK'),(220,10,4,'','2025-08-20 12:30:38','PZ0CQ0BK'),(221,1,5,'','2025-08-20 13:00:01','VGBJSTVV'),(222,2,2,'','2025-08-20 13:00:01','VGBJSTVV'),(223,3,1,'','2025-08-20 13:00:01','VGBJSTVV'),(224,4,1,'','2025-08-20 13:00:01','VGBJSTVV'),(225,5,1,'','2025-08-20 13:00:01','VGBJSTVV'),(226,6,5,'','2025-08-20 13:00:01','VGBJSTVV'),(227,7,3,'','2025-08-20 13:00:01','VGBJSTVV'),(228,8,5,'','2025-08-20 13:00:01','VGBJSTVV'),(229,9,4,'','2025-08-20 13:00:01','VGBJSTVV'),(230,10,2,'','2025-08-20 13:00:01','VGBJSTVV'),(231,1,5,'','2025-08-20 13:07:54','FBW7EBVP'),(232,2,2,'','2025-08-20 13:07:54','FBW7EBVP'),(233,3,5,'','2025-08-20 13:07:55','FBW7EBVP'),(234,4,2,'','2025-08-20 13:07:55','FBW7EBVP'),(235,5,3,'','2025-08-20 13:07:55','FBW7EBVP'),(236,6,2,'','2025-08-20 13:07:55','FBW7EBVP'),(237,7,1,'','2025-08-20 13:07:55','FBW7EBVP'),(238,8,2,'','2025-08-20 13:07:55','FBW7EBVP'),(239,9,4,'','2025-08-20 13:07:55','FBW7EBVP'),(240,10,2,'','2025-08-20 13:07:55','FBW7EBVP'),(241,1,2,'','2025-08-20 13:11:15','U0CAD4XS'),(242,2,4,'','2025-08-20 13:11:15','U0CAD4XS'),(243,3,2,'','2025-08-20 13:11:15','U0CAD4XS'),(244,4,2,'','2025-08-20 13:11:15','U0CAD4XS'),(245,5,1,'','2025-08-20 13:11:15','U0CAD4XS'),(246,6,3,'','2025-08-20 13:11:15','U0CAD4XS'),(247,7,4,'','2025-08-20 13:11:15','U0CAD4XS'),(248,8,1,'','2025-08-20 13:11:15','U0CAD4XS'),(249,9,2,'','2025-08-20 13:11:15','U0CAD4XS'),(250,10,2,'','2025-08-20 13:11:15','U0CAD4XS'),(251,1,2,'','2025-08-20 13:17:45','VGBJSTVV'),(252,2,4,'','2025-08-20 13:17:45','VGBJSTVV'),(253,3,4,'','2025-08-20 13:17:45','VGBJSTVV'),(254,4,1,'','2025-08-20 13:17:45','VGBJSTVV'),(255,5,2,'','2025-08-20 13:17:45','VGBJSTVV'),(256,6,5,'','2025-08-20 13:17:45','VGBJSTVV'),(257,7,2,'','2025-08-20 13:17:45','VGBJSTVV'),(258,8,2,'','2025-08-20 13:17:45','VGBJSTVV'),(259,9,2,'','2025-08-20 13:17:45','VGBJSTVV'),(260,10,2,'','2025-08-20 13:17:45','VGBJSTVV'),(261,1,2,'','2025-08-26 08:41:48','FBW7EBVP'),(262,2,4,'','2025-08-26 08:41:48','FBW7EBVP'),(263,3,3,'','2025-08-26 08:41:48','FBW7EBVP'),(264,4,1,'','2025-08-26 08:41:48','FBW7EBVP'),(265,5,6,'','2025-08-26 08:41:48','FBW7EBVP'),(266,6,5,'','2025-08-26 08:41:48','FBW7EBVP'),(267,7,3,'','2025-08-26 08:41:48','FBW7EBVP'),(268,8,2,'','2025-08-26 08:41:48','FBW7EBVP'),(269,9,2,'','2025-08-26 08:41:48','FBW7EBVP'),(270,10,5,'','2025-08-26 08:41:48','FBW7EBVP'),(271,1,5,'','2025-08-26 10:21:55','U0CAD4XS'),(272,2,5,'','2025-08-26 10:21:55','U0CAD4XS'),(273,3,2,'','2025-08-26 10:21:55','U0CAD4XS'),(274,4,5,'','2025-08-26 10:21:55','U0CAD4XS'),(275,5,4,'','2025-08-26 10:21:55','U0CAD4XS'),(276,6,3,'','2025-08-26 10:21:55','U0CAD4XS'),(277,7,5,'','2025-08-26 10:21:55','U0CAD4XS'),(278,8,4,'','2025-08-26 10:21:55','U0CAD4XS'),(279,9,3,'','2025-08-26 10:21:55','U0CAD4XS'),(280,10,4,'','2025-08-26 10:21:55','U0CAD4XS'),(281,1,2,'','2025-08-26 11:58:18','VGBJSTVV'),(282,2,3,'','2025-08-26 11:58:18','VGBJSTVV'),(283,3,3,'','2025-08-26 11:58:18','VGBJSTVV'),(284,4,3,'','2025-08-26 11:58:18','VGBJSTVV'),(285,5,3,'','2025-08-26 11:58:18','VGBJSTVV'),(286,6,3,'','2025-08-26 11:58:18','VGBJSTVV'),(287,7,3,'','2025-08-26 11:58:18','VGBJSTVV'),(288,8,3,'','2025-08-26 11:58:18','VGBJSTVV'),(289,9,3,'','2025-08-26 11:58:18','VGBJSTVV'),(290,10,4,'','2025-08-26 11:58:18','VGBJSTVV'),(291,1,3,'','2025-08-26 13:00:49','PZ0CQ0BK'),(292,2,3,'','2025-08-26 13:00:49','PZ0CQ0BK'),(293,3,3,'','2025-08-26 13:00:49','PZ0CQ0BK'),(294,4,3,'','2025-08-26 13:00:49','PZ0CQ0BK'),(295,5,3,'','2025-08-26 13:00:49','PZ0CQ0BK'),(296,6,3,'','2025-08-26 13:00:49','PZ0CQ0BK'),(297,7,3,'','2025-08-26 13:00:49','PZ0CQ0BK'),(298,8,3,'','2025-08-26 13:00:49','PZ0CQ0BK'),(299,9,3,'','2025-08-26 13:00:49','PZ0CQ0BK'),(300,10,3,'','2025-08-26 13:00:49','PZ0CQ0BK'),(301,1,3,'','2025-08-26 14:17:32','TQWJF7Y9'),(302,2,3,'','2025-08-26 14:17:32','TQWJF7Y9'),(303,3,3,'','2025-08-26 14:17:32','TQWJF7Y9'),(304,4,3,'','2025-08-26 14:17:32','TQWJF7Y9'),(305,5,3,'','2025-08-26 14:17:32','TQWJF7Y9'),(306,6,3,'','2025-08-26 14:17:32','TQWJF7Y9'),(307,7,3,'','2025-08-26 14:17:32','TQWJF7Y9'),(308,8,3,'','2025-08-26 14:17:32','TQWJF7Y9'),(309,9,5,'','2025-08-26 14:17:32','TQWJF7Y9'),(310,10,3,'','2025-08-26 14:17:32','TQWJF7Y9'),(311,1,2,'','2025-08-26 14:20:47','BMP1DHTD'),(312,2,5,'','2025-08-26 14:20:47','BMP1DHTD'),(313,3,2,'','2025-08-26 14:20:47','BMP1DHTD'),(314,4,1,'','2025-08-26 14:20:47','BMP1DHTD'),(315,5,3,'','2025-08-26 14:20:47','BMP1DHTD'),(316,6,5,'','2025-08-26 14:20:47','BMP1DHTD'),(317,7,5,'','2025-08-26 14:20:47','BMP1DHTD'),(318,8,2,'','2025-08-26 14:20:47','BMP1DHTD'),(319,9,1,'','2025-08-26 14:20:47','BMP1DHTD'),(320,10,3,'','2025-08-26 14:20:47','BMP1DHTD'),(321,1,5,'','2025-08-27 11:48:25','U0CAD4XS'),(322,2,2,'','2025-08-27 11:48:25','U0CAD4XS'),(323,3,2,'','2025-08-27 11:48:25','U0CAD4XS'),(324,4,2,'','2025-08-27 11:48:25','U0CAD4XS'),(325,5,2,'','2025-08-27 11:48:25','U0CAD4XS'),(326,6,5,'','2025-08-27 11:48:25','U0CAD4XS'),(327,7,3,'','2025-08-27 11:48:25','U0CAD4XS'),(328,8,3,'','2025-08-27 11:48:25','U0CAD4XS'),(329,9,2,'','2025-08-27 11:48:25','U0CAD4XS'),(330,10,1,'','2025-08-27 11:48:25','U0CAD4XS'),(331,1,5,'','2025-08-27 15:13:44','U0CAD4XS'),(332,2,3,'','2025-08-27 15:13:44','U0CAD4XS'),(333,3,5,'','2025-08-27 15:13:44','U0CAD4XS'),(334,4,3,'','2025-08-27 15:13:44','U0CAD4XS'),(335,5,5,'','2025-08-27 15:13:44','U0CAD4XS'),(336,6,3,'','2025-08-27 15:13:44','U0CAD4XS'),(337,7,5,'','2025-08-27 15:13:44','U0CAD4XS'),(338,8,5,'','2025-08-27 15:13:44','U0CAD4XS'),(339,9,3,'','2025-08-27 15:13:44','U0CAD4XS'),(340,10,5,'','2025-08-27 15:13:44','U0CAD4XS'),(341,1,4,'','2025-08-27 15:19:45','FBW7EBVP'),(342,2,2,'','2025-08-27 15:19:45','FBW7EBVP'),(343,3,5,'','2025-08-27 15:19:45','FBW7EBVP'),(344,4,5,'','2025-08-27 15:19:45','FBW7EBVP'),(345,5,5,'','2025-08-27 15:19:45','FBW7EBVP'),(346,6,2,'','2025-08-27 15:19:45','FBW7EBVP'),(347,7,5,'','2025-08-27 15:19:45','FBW7EBVP'),(348,8,4,'','2025-08-27 15:19:45','FBW7EBVP'),(349,9,3,'','2025-08-27 15:19:45','FBW7EBVP'),(350,10,5,'','2025-08-27 15:19:45','FBW7EBVP'),(351,1,4,'','2025-08-27 15:24:20','PZ0CQ0BK'),(352,2,2,'','2025-08-27 15:24:20','PZ0CQ0BK'),(353,3,5,'','2025-08-27 15:24:20','PZ0CQ0BK'),(354,4,5,'','2025-08-27 15:24:20','PZ0CQ0BK'),(355,5,5,'','2025-08-27 15:24:20','PZ0CQ0BK'),(356,6,2,'','2025-08-27 15:24:20','PZ0CQ0BK'),(357,7,5,'','2025-08-27 15:24:20','PZ0CQ0BK'),(358,8,4,'','2025-08-27 15:24:20','PZ0CQ0BK'),(359,9,3,'','2025-08-27 15:24:20','PZ0CQ0BK'),(360,10,5,'','2025-08-27 15:24:20','PZ0CQ0BK');
/*!40000 ALTER TABLE `user_responses` ENABLE KEYS */;
UNLOCK TABLES;

--
-- Table structure for table `users`
--

DROP TABLE IF EXISTS `users`;
/*!40101 SET @saved_cs_client     = @@character_set_client */;
/*!50503 SET character_set_client = utf8mb4 */;
CREATE TABLE `users` (
  `id` int NOT NULL AUTO_INCREMENT,
  `usercode` varchar(50) COLLATE utf8mb4_unicode_ci NOT NULL,
  `age` varchar(10) COLLATE utf8mb4_unicode_ci DEFAULT NULL,
  `gender` varchar(20) COLLATE utf8mb4_unicode_ci DEFAULT NULL,
  `country` varchar(100) COLLATE utf8mb4_unicode_ci DEFAULT NULL,
  `education` varchar(50) COLLATE utf8mb4_unicode_ci DEFAULT NULL,
  `field` varchar(100) COLLATE utf8mb4_unicode_ci DEFAULT NULL,
  `yearsOfStudy` varchar(10) COLLATE utf8mb4_unicode_ci DEFAULT NULL,
  PRIMARY KEY (`id`),
  UNIQUE KEY `usercode` (`usercode`),
  KEY `idx_usercode` (`usercode`)
) ENGINE=InnoDB AUTO_INCREMENT=7 DEFAULT CHARSET=utf8mb4 COLLATE=utf8mb4_unicode_ci;
/*!40101 SET character_set_client = @saved_cs_client */;

--
-- Dumping data for table `users`
--

LOCK TABLES `users` WRITE;
/*!40000 ALTER TABLE `users` DISABLE KEYS */;
INSERT INTO `users` VALUES (1,'FBW7EBVP','25','Male','Bangladesh','Masters','Computer Science and Engineering','2'),(2,'PZ0CQ0BK','32','Male','Sri Lanka','Masters','Computer Science and Engineering','2'),(3,'U0CAD4XS','22','Female','Finland','Bachelors','Biomedical Engineering','3'),(4,'TQWJF7Y9','25','Female','Nepal','Bachelors','Mathematics','3'),(5,'VGBJSTVV','55','male','finland','phd','cs','11'),(6,'BMP1DHTD','22','Female','Bangladesh','Bachelors','Biomedical Engineering','3');
/*!40000 ALTER TABLE `users` ENABLE KEYS */;
UNLOCK TABLES;
/*!40103 SET TIME_ZONE=@OLD_TIME_ZONE */;

/*!40101 SET SQL_MODE=@OLD_SQL_MODE */;
/*!40014 SET FOREIGN_KEY_CHECKS=@OLD_FOREIGN_KEY_CHECKS */;
/*!40014 SET UNIQUE_CHECKS=@OLD_UNIQUE_CHECKS */;
/*!40101 SET CHARACTER_SET_CLIENT=@OLD_CHARACTER_SET_CLIENT */;
/*!40101 SET CHARACTER_SET_RESULTS=@OLD_CHARACTER_SET_RESULTS */;
/*!40101 SET COLLATION_CONNECTION=@OLD_COLLATION_CONNECTION */;
/*!40111 SET SQL_NOTES=@OLD_SQL_NOTES */;

-- Dump completed on 2025-08-28 20:23:12
